[
	{
		"timestamp": "01-01-2020T01:23:34",
		"value": "74"
	}, 
	{
		"timestamp": "01-01-2020T01:23:34",
		"value": "0"
	}, 
	{
		"timestamp": "01-01-2020T01:23:34",
		"value": "24"
	}, 
	{
		"timestamp": "01-01-2020T01:23:34",
		"value": "25"
	}, 
	{
		"timestamp": "01-01-2020T01:23:34",
		"value": "75"
	},
	{
		"timestamp": "01-01-2020T01:23:34",
		"value": "100"
	},
	{
		"timestamp": "01-01-2020T01:23:34",
		"value": "-1"
	},
	{
		"timestamp": "01-01-2020T01:23:34",
		"value": "101"
	},
	{
		"timestamp": "01-01-2020T01:23:34",
		"value": "null"
	}
]